Mahe;Mahe;Mahe@gmailcom;mahe;2013-04-12;06:53
Mahe;Mahe;Mahe@gmailcom;mahe;2013-04-12;06:53
asdfasf;jjkjkjkkjj;2345678987654323456789876543@knampf.at;dfghjkjhgfdfghjhgfdfghjhgfdfghjhgfdfghjhgfdfghjhgfd;2000-06-05;23:59
asdfasf;jjkjkjkkjj;2345678987654323456789876543@knampf.at;,,,,,,,,,,,;2000-06-05;23:59
ich;bin;muhahahahaha@knampf.at;,,,,,,,,,,,;2000-06-05;23:59
ASDF;asdsddvcxxycyxr bfzghtnjh5k8t6ibujzghvg cbfvxdgbgzjumnhvgjbfcvc bhnbzjnhumk nmbvghcv b ntrfzgj,kvmnbz hmbgkekrd fmcvjbhj jksmerdc;asd@sfdafd.asd;!cffgg;0002-12-12;12:12
ASDF;ss;asd@sfdafd.asd;!cffgg;0006-07-23;04:12
ich;bin;muhahahahaha@knampf.at;,,,,,,,,,,,;2000-06-05;23:59
ich;bin;muhahahahaha@knampf.at;,,,,,,,,,,,;2000-06-05;23:59
Ich;Bin;eine@email.adresse;vom;1999-09-08;20:15
